lesion_id,image_id,dx,dx_type,age,sex,localization,dx_code,sex_code
HAM_0000,ISIC_00000,akiec,histo,50,male,back,0,0
HAM_0000,ISIC_00001,akiec,histo,50,male,back,0,0
HAM_0001,ISIC_00010,bcc,histo,50,male,back,1,0
HAM_0002,ISIC_00020,bkl,histo,50,male,back,2,0
HAM_0003,ISIC_00030,df,histo,50,male,back,3,0
HAM_0003,ISIC_00031,df,histo,50,male,back,3,0
HAM_0004,ISIC_00040,mel,histo,50,male,back,4,0
HAM_0005,ISIC_00050,nv,histo,50,male,back,5,0
HAM_0006,ISIC_00060,vasc,histo,50,male,back,6,0
HAM_0006,ISIC_00061,vasc,histo,50,male,back,6,0
HAM_0007,ISIC_00070,akiec,histo,50,male,back,0,0
HAM_0008,ISIC_00080,bcc,histo,50,male,back,1,0
HAM_0009,ISIC_00090,bkl,histo,50,male,back,2,0
HAM_0009,ISIC_00091,bkl,histo,50,male,back,2,0
HAM_0010,ISIC_00100,df,histo,50,male,back,3,0
HAM_0011,ISIC_00110,mel,histo,50,male,back,4,0
HAM_0012,ISIC_00120,nv,histo,50,male,back,5,0
HAM_0012,ISIC_00121,nv,histo,50,male,back,5,0
HAM_0013,ISIC_00130,vasc,histo,50,male,back,6,0
HAM_0014,ISIC_00140,akiec,histo,50,male,back,0,0
HAM_0015,ISIC_00150,bcc,histo,50,male,back,1,0
HAM_0015,ISIC_00151,bcc,histo,50,male,back,1,0
HAM_0016,ISIC_00160,bkl,histo,50,male,back,2,0
HAM_0017,ISIC_00170,df,histo,50,male,back,3,0
HAM_0018,ISIC_00180,mel,histo,50,male,back,4,0
HAM_0018,ISIC_00181,mel,histo,50,male,back,4,0
HAM_0019,ISIC_00190,nv,histo,50,male,back,5,0
HAM_0020,ISIC_00200,vasc,histo,50,male,back,6,0
HAM_0021,ISIC_00210,akiec,histo,50,male,back,0,0
HAM_0021,ISIC_00211,akiec,histo,50,male,back,0,0
HAM_0022,ISIC_00220,bcc,histo,50,male,back,1,0
HAM_0023,ISIC_00230,bkl,histo,50,male,back,2,0
HAM_0024,ISIC_00240,df,histo,50,male,back,3,0
HAM_0024,ISIC_00241,df,histo,50,male,back,3,0
HAM_0025,ISIC_00250,mel,histo,50,male,back,4,0
HAM_0026,ISIC_00260,nv,histo,50,male,back,5,0
HAM_0027,ISIC_00270,vasc,histo,50,male,back,6,0
HAM_0027,ISIC_00271,vasc,histo,50,male,back,6,0
HAM_0028,ISIC_00280,akiec,histo,50,male,back,0,0
HAM_0029,ISIC_00290,bcc,histo,50,male,back,1,0
HAM_0030,ISIC_00300,bkl,histo,50,male,back,2,0
HAM_0030,ISIC_00301,bkl,histo,50,male,back,2,0
HAM_0031,ISIC_00310,df,histo,50,male,back,3,0
HAM_0032,ISIC_00320,mel,histo,50,male,back,4,0
HAM_0033,ISIC_00330,nv,histo,50,male,back,5,0
HAM_0033,ISIC_00331,nv,histo,50,male,back,5,0
HAM_0034,ISIC_00340,vasc,histo,50,male,back,6,0
HAM_0035,ISIC_00350,akiec,histo,50,male,back,0,0
HAM_0036,ISIC_00360,bcc,histo,50,male,back,1,0
HAM_0036,ISIC_00361,bcc,histo,50,male,back,1,0
HAM_0037,ISIC_00370,bkl,histo,50,male,back,2,0
HAM_0038,ISIC_00380,df,histo,50,male,back,3,0
HAM_0039,ISIC_00390,mel,histo,50,male,back,4,0
HAM_0039,ISIC_00391,mel,histo,50,male,back,4,0
HAM_0040,ISIC_00400,nv,histo,50,male,back,5,0
HAM_0041,ISIC_00410,vasc,histo,50,male,back,6,0
HAM_0042,ISIC_00420,akiec,histo,50,male,back,0,0
HAM_0042,ISIC_00421,akiec,histo,50,male,back,0,0
HAM_0043,ISIC_00430,bcc,histo,50,male,back,1,0
HAM_0044,ISIC_00440,bkl,histo,50,male,back,2,0
HAM_0045,ISIC_00450,df,histo,50,male,back,3,0
HAM_0045,ISIC_00451,df,histo,50,male,back,3,0
HAM_0046,ISIC_00460,mel,histo,50,male,back,4,0
HAM_0047,ISIC_00470,nv,histo,50,male,back,5,0
HAM_0048,ISIC_00480,vasc,histo,50,male,back,6,0
HAM_0048,ISIC_00481,vasc,histo,50,male,back,6,0
HAM_0049,ISIC_00490,akiec,histo,50,male,back,0,0
HAM_0050,ISIC_00500,bcc,histo,50,male,back,1,0
HAM_0051,ISIC_00510,bkl,histo,50,male,back,2,0
HAM_0051,ISIC_00511,bkl,histo,50,male,back,2,0
HAM_0052,ISIC_00520,df,histo,50,male,back,3,0
HAM_0053,ISIC_00530,mel,histo,50,male,back,4,0
HAM_0054,ISIC_00540,nv,histo,50,male,back,5,0
HAM_0054,ISIC_00541,nv,histo,50,male,back,5,0
HAM_0055,ISIC_00550,vasc,histo,50,male,back,6,0
HAM_0056,ISIC_00560,akiec,histo,50,male,back,0,0
HAM_0057,ISIC_00570,bcc,histo,50,male,back,1,0
HAM_0057,ISIC_00571,bcc,histo,50,male,back,1,0
HAM_0058,ISIC_00580,bkl,histo,50,male,back,2,0
HAM_0059,ISIC_00590,df,histo,50,male,back,3,0
HAM_0060,ISIC_00600,mel,histo,50,male,back,4,0
HAM_0060,ISIC_00601,mel,histo,50,male,back,4,0
HAM_0061,ISIC_00610,nv,histo,50,male,back,5,0
HAM_0062,ISIC_00620,vasc,histo,50,male,back,6,0
HAM_0063,ISIC_00630,akiec,histo,50,male,back,0,0
HAM_0063,ISIC_00631,akiec,histo,50,male,back,0,0
HAM_0064,ISIC_00640,bcc,histo,50,male,back,1,0
HAM_0065,ISIC_00650,bkl,histo,50,male,back,2,0
HAM_0066,ISIC_00660,df,histo,50,male,back,3,0
HAM_0066,ISIC_00661,df,histo,50,male,back,3,0
HAM_0067,ISIC_00670,mel,histo,50,male,back,4,0
HAM_0068,ISIC_00680,nv,histo,50,male,back,5,0
HAM_0069,ISIC_00690,vasc,histo,50,male,back,6,0
HAM_0069,ISIC_00691,vasc,histo,50,male,back,6,0
HAM_0070,ISIC_00700,akiec,histo,50,male,back,0,0
HAM_0071,ISIC_00710,bcc,histo,50,male,back,1,0
HAM_0072,ISIC_00720,bkl,histo,50,male,back,2,0
HAM_0072,ISIC_00721,bkl,histo,50,male,back,2,0
HAM_0073,ISIC_00730,df,histo,50,male,back,3,0
HAM_0074,ISIC_00740,mel,histo,50,male,back,4,0
HAM_0075,ISIC_00750,nv,histo,50,male,back,5,0
HAM_0075,ISIC_00751,nv,histo,50,male,back,5,0
HAM_0076,ISIC_00760,vasc,histo,50,male,back,6,0
HAM_0077,ISIC_00770,akiec,histo,50,male,back,0,0
HAM_0078,ISIC_00780,bcc,histo,50,male,back,1,0
HAM_0078,ISIC_00781,bcc,histo,50,male,back,1,0
HAM_0079,ISIC_00790,bkl,histo,50,male,back,2,0
HAM_0080,ISIC_00800,df,histo,50,male,back,3,0
HAM_0081,ISIC_00810,mel,histo,50,male,back,4,0
HAM_0081,ISIC_00811,mel,histo,50,male,back,4,0
HAM_0082,ISIC_00820,nv,histo,50,male,back,5,0
HAM_0083,ISIC_00830,vasc,histo,50,male,back,6,0
HAM_0084,ISIC_00840,akiec,histo,50,male,back,0,0
HAM_0084,ISIC_00841,akiec,histo,50,male,back,0,0
HAM_0085,ISIC_00850,bcc,histo,50,male,back,1,0
HAM_0086,ISIC_00860,bkl,histo,50,male,back,2,0
HAM_0087,ISIC_00870,df,histo,50,male,back,3,0
HAM_0087,ISIC_00871,df,histo,50,male,back,3,0
HAM_0088,ISIC_00880,mel,histo,50,male,back,4,0
HAM_0089,ISIC_00890,nv,histo,50,male,back,5,0
HAM_0090,ISIC_00900,vasc,histo,50,male,back,6,0
HAM_0090,ISIC_00901,vasc,histo,50,male,back,6,0
HAM_0091,ISIC_00910,akiec,histo,50,male,back,0,0
HAM_0092,ISIC_00920,bcc,histo,50,male,back,1,0
HAM_0093,ISIC_00930,bkl,histo,50,male,back,2,0
HAM_0093,ISIC_00931,bkl,histo,50,male,back,2,0
HAM_0094,ISIC_00940,df,histo,50,male,back,3,0
HAM_0095,ISIC_00950,mel,histo,50,male,back,4,0
HAM_0096,ISIC_00960,nv,histo,50,male,back,5,0
HAM_0096,ISIC_00961,nv,histo,50,male,back,5,0
HAM_0097,ISIC_00970,vasc,histo,50,male,back,6,0
HAM_0098,ISIC_00980,akiec,histo,50,male,back,0,0
HAM_0099,ISIC_00990,bcc,histo,50,male,back,1,0
HAM_0099,ISIC_00991,bcc,histo,50,male,back,1,0
HAM_0100,ISIC_01000,bkl,histo,50,male,back,2,0
HAM_0101,ISIC_01010,df,histo,50,male,back,3,0
HAM_0102,ISIC_01020,mel,histo,50,male,back,4,0
HAM_0102,ISIC_01021,mel,histo,50,male,back,4,0
HAM_0103,ISIC_01030,nv,histo,50,male,back,5,0
HAM_0104,ISIC_01040,vasc,histo,50,male,back,6,0
HAM_0105,ISIC_01050,akiec,histo,50,male,back,0,0
HAM_0105,ISIC_01051,akiec,histo,50,male,back,0,0
HAM_0106,ISIC_01060,bcc,histo,50,male,back,1,0
HAM_0107,ISIC_01070,bkl,histo,50,male,back,2,0
HAM_0108,ISIC_01080,df,histo,50,male,back,3,0
HAM_0108,ISIC_01081,df,histo,50,male,back,3,0
HAM_0109,ISIC_01090,mel,histo,50,male,back,4,0
HAM_0110,ISIC_01100,nv,histo,50,male,back,5,0
HAM_0111,ISIC_01110,vasc,histo,50,male,back,6,0
HAM_0111,ISIC_01111,vasc,histo,50,male,back,6,0
HAM_0112,ISIC_01120,akiec,histo,50,male,back,0,0
HAM_0113,ISIC_01130,bcc,histo,50,male,back,1,0
HAM_0114,ISIC_01140,bkl,histo,50,male,back,2,0
HAM_0114,ISIC_01141,bkl,histo,50,male,back,2,0
HAM_0115,ISIC_01150,df,histo,50,male,back,3,0
HAM_0116,ISIC_01160,mel,histo,50,male,back,4,0
HAM_0117,ISIC_01170,nv,histo,50,male,back,5,0
HAM_0117,ISIC_01171,nv,histo,50,male,back,5,0
HAM_0118,ISIC_01180,vasc,histo,50,male,back,6,0
HAM_0119,ISIC_01190,akiec,histo,50,male,back,0,0
HAM_0120,ISIC_01200,bcc,histo,50,male,back,1,0
HAM_0120,ISIC_01201,bcc,histo,50,male,back,1,0
HAM_0121,ISIC_01210,bkl,histo,50,male,back,2,0
HAM_0122,ISIC_01220,df,histo,50,male,back,3,0
HAM_0123,ISIC_01230,mel,histo,50,male,back,4,0
HAM_0123,ISIC_01231,mel,histo,50,male,back,4,0
HAM_0124,ISIC_01240,nv,histo,50,male,back,5,0
HAM_0125,ISIC_01250,vasc,histo,50,male,back,6,0
HAM_0126,ISIC_01260,akiec,histo,50,male,back,0,0
HAM_0126,ISIC_01261,akiec,histo,50,male,back,0,0
HAM_0127,ISIC_01270,bcc,histo,50,male,back,1,0
HAM_0128,ISIC_01280,bkl,histo,50,male,back,2,0
HAM_0129,ISIC_01290,df,histo,50,male,back,3,0
HAM_0129,ISIC_01291,df,histo,50,male,back,3,0
HAM_0130,ISIC_01300,mel,histo,50,male,back,4,0
HAM_0131,ISIC_01310,nv,histo,50,male,back,5,0
HAM_0132,ISIC_01320,vasc,histo,50,male,back,6,0
HAM_0132,ISIC_01321,vasc,histo,50,male,back,6,0
HAM_0133,ISIC_01330,akiec,histo,50,male,back,0,0
HAM_0134,ISIC_01340,bcc,histo,50,male,back,1,0
HAM_0135,ISIC_01350,bkl,histo,50,male,back,2,0
HAM_0135,ISIC_01351,bkl,histo,50,male,back,2,0
HAM_0136,ISIC_01360,df,histo,50,male,back,3,0
HAM_0137,ISIC_01370,mel,histo,50,male,back,4,0
HAM_0138,ISIC_01380,nv,histo,50,male,back,5,0
HAM_0138,ISIC_01381,nv,histo,50,male,back,5,0
HAM_0139,ISIC_01390,vasc,histo,50,male,back,6,0
HAM_0140,ISIC_01400,akiec,histo,50,male,back,0,0
HAM_0141,ISIC_01410,bcc,histo,50,male,back,1,0
HAM_0141,ISIC_01411,bcc,histo,50,male,back,1,0
HAM_0142,ISIC_01420,bkl,histo,50,male,back,2,0
HAM_0143,ISIC_01430,df,histo,50,male,back,3,0
HAM_0144,ISIC_01440,mel,histo,50,male,back,4,0
HAM_0144,ISIC_01441,mel,histo,50,male,back,4,0
HAM_0145,ISIC_01450,nv,histo,50,male,back,5,0
HAM_0146,ISIC_01460,vasc,histo,50,male,back,6,0
HAM_0147,ISIC_01470,akiec,histo,50,male,back,0,0
HAM_0147,ISIC_01471,akiec,histo,50,male,back,0,0
HAM_0148,ISIC_01480,bcc,histo,50,male,back,1,0
HAM_0149,ISIC_01490,bkl,histo,50,male,back,2,0
HAM_0150,ISIC_01500,df,histo,50,male,back,3,0
HAM_0150,ISIC_01501,df,histo,50,male,back,3,0
HAM_0151,ISIC_01510,mel,histo,50,male,back,4,0
HAM_0152,ISIC_01520,nv,histo,50,male,back,5,0
HAM_0153,ISIC_01530,vasc,histo,50,male,back,6,0
HAM_0153,ISIC_01531,vasc,histo,50,male,back,6,0
HAM_0154,ISIC_01540,akiec,histo,50,male,back,0,0
HAM_0155,ISIC_01550,bcc,histo,50,male,back,1,0
HAM_0156,ISIC_01560,bkl,histo,50,male,back,2,0
HAM_0156,ISIC_01561,bkl,histo,50,male,back,2,0
HAM_0157,ISIC_01570,df,histo,50,male,back,3,0
HAM_0158,ISIC_01580,mel,histo,50,male,back,4,0
HAM_0159,ISIC_01590,nv,histo,50,male,back,5,0
HAM_0159,ISIC_01591,nv,histo,50,male,back,5,0
HAM_0160,ISIC_01600,vasc,histo,50,male,back,6,0
HAM_0161,ISIC_01610,akiec,histo,50,male,back,0,0
HAM_0162,ISIC_01620,bcc,histo,50,male,back,1,0
HAM_0162,ISIC_01621,bcc,histo,50,male,back,1,0
HAM_0163,ISIC_01630,bkl,histo,50,male,back,2,0
HAM_0164,ISIC_01640,df,histo,50,male,back,3,0
HAM_0165,ISIC_01650,mel,histo,50,male,back,4,0
HAM_0165,ISIC_01651,mel,histo,50,male,back,4,0
HAM_0166,ISIC_01660,nv,histo,50,male,back,5,0
HAM_0167,ISIC_01670,vasc,histo,50,male,back,6,0
HAM_0168,ISIC_01680,akiec,histo,50,male,back,0,0
HAM_0168,ISIC_01681,akiec,histo,50,male,back,0,0
HAM_0169,ISIC_01690,bcc,histo,50,male,back,1,0
HAM_0170,ISIC_01700,bkl,histo,50,male,back,2,0
HAM_0171,ISIC_01710,df,histo,50,male,back,3,0
HAM_0171,ISIC_01711,df,histo,50,male,back,3,0
HAM_0172,ISIC_01720,mel,histo,50,male,back,4,0
HAM_0173,ISIC_01730,nv,histo,50,male,back,5,0
HAM_0174,ISIC_01740,vasc,histo,50,male,back,6,0
HAM_0174,ISIC_01741,vasc,histo,50,male,back,6,0
HAM_0175,ISIC_01750,akiec,histo,50,male,back,0,0
HAM_0176,ISIC_01760,bcc,histo,50,male,back,1,0
HAM_0177,ISIC_01770,bkl,histo,50,male,back,2,0
HAM_0177,ISIC_01771,bkl,histo,50,male,back,2,0
HAM_0178,ISIC_01780,df,histo,50,male,back,3,0
HAM_0179,ISIC_01790,mel,histo,50,male,back,4,0
HAM_0180,ISIC_01800,nv,histo,50,male,back,5,0
HAM_0180,ISIC_01801,nv,histo,50,male,back,5,0
HAM_0181,ISIC_01810,vasc,histo,50,male,back,6,0
HAM_0182,ISIC_01820,akiec,histo,50,male,back,0,0
HAM_0183,ISIC_01830,bcc,histo,50,male,back,1,0
HAM_0183,ISIC_01831,bcc,histo,50,male,back,1,0
HAM_0184,ISIC_01840,bkl,histo,50,male,back,2,0
HAM_0185,ISIC_01850,df,histo,50,male,back,3,0
HAM_0186,ISIC_01860,mel,histo,50,male,back,4,0
HAM_0186,ISIC_01861,mel,histo,50,male,back,4,0
HAM_0187,ISIC_01870,nv,histo,50,male,back,5,0
HAM_0188,ISIC_01880,vasc,histo,50,male,back,6,0
HAM_0189,ISIC_01890,akiec,histo,50,male,back,0,0
HAM_0189,ISIC_01891,akiec,histo,50,male,back,0,0
HAM_0190,ISIC_01900,bcc,histo,50,male,back,1,0
HAM_0191,ISIC_01910,bkl,histo,50,male,back,2,0
HAM_0192,ISIC_01920,df,histo,50,male,back,3,0
HAM_0192,ISIC_01921,df,histo,50,male,back,3,0
HAM_0193,ISIC_01930,mel,histo,50,male,back,4,0
HAM_0194,ISIC_01940,nv,histo,50,male,back,5,0
HAM_0195,ISIC_01950,vasc,histo,50,male,back,6,0
HAM_0195,ISIC_01951,vasc,histo,50,male,back,6,0
HAM_0196,ISIC_01960,akiec,histo,50,male,back,0,0
HAM_0197,ISIC_01970,bcc,histo,50,male,back,1,0
HAM_0198,ISIC_01980,bkl,histo,50,male,back,2,0
HAM_0198,ISIC_01981,bkl,histo,50,male,back,2,0
HAM_0199,ISIC_01990,df,histo,50,male,back,3,0
HAM_0200,ISIC_02000,mel,histo,50,male,back,4,0
HAM_0201,ISIC_02010,nv,histo,50,male,back,5,0
HAM_0201,ISIC_02011,nv,histo,50,male,back,5,0
HAM_0202,ISIC_02020,vasc,histo,50,male,back,6,0
HAM_0203,ISIC_02030,akiec,histo,50,male,back,0,0
HAM_0204,ISIC_02040,bcc,histo,50,male,back,1,0
HAM_0204,ISIC_02041,bcc,histo,50,male,back,1,0
HAM_0205,ISIC_02050,bkl,histo,50,male,back,2,0
HAM_0206,ISIC_02060,df,histo,50,male,back,3,0
HAM_0207,ISIC_02070,mel,histo,50,male,back,4,0
HAM_0207,ISIC_02071,mel,histo,50,male,back,4,0
HAM_0208,ISIC_02080,nv,histo,50,male,back,5,0
HAM_0209,ISIC_02090,vasc,histo,50,male,back,6,0
